Assets Type,Path,Tag,Description
AGV,/media/simple/another_Documents/isaacsim_assets/device_data/usdz/AGV/AGV_ready_1.usdz,"Model: Custom Industrial Transport AGV
Manufacturer:   Self-made
DNA:DB(a)","Functional Features: This object is a self-made industrial transport AGV, mainly used for transporting. It is designed to autonomously navigate and transport pallets, large materials, etc. in industrial workshops and warehousing logistics scenarios, improving material flow efficiency and reducing manual handling costs. Its application scenarios include parts distribution in automobile manufacturing workshops and cargo transfer in e-commerce warehouses, suitable for industrial environments requiring automated handling, and capable of stably completing repetitive handling tasks.
Visual Features: The main body is eye-catching yellow, with a black top carrying area, front protective structure, and red details. The material combines industrial plastic and metal, with a smooth and hard surface finish. The yellow appearance is highly recognizable against the black background, and the overall design highlights the practicality and warning nature of industrial equipment."
AGV,/media/simple/another_Documents/isaacsim_assets/device_data/usdz/AGV/model_AGV_1.usdz,"Model: Custom Industrial Transport AGV
Manufacturer:   SEER
DNA:DB(b)","Functional Features: This object is an industrial-grade AGV/AMR mobile robot chassis. Its core function is to serve as an automated mobile carrier, which can be equipped with expansion modules such as robotic arms, sorting devices and material racks through the standardized mounting holes on the top. It has the capabilities of autonomous navigation, path planning and intelligent obstacle avoidance, and can complete automated operations including material transfer, station connection and warehousing sorting. It is widely used in scenarios such as intelligent manufacturing factories, e-commerce warehousing centers, 3C electronic production lines and pharmaceutical clean workshops, featuring compact structure, strong load capacity, flexible deployment and adaptability to multi-scenario automation transformation. 
Visual Features:  Visually, the main body adopts the classic industrial color scheme of black and yellow, with a compact rounded rectangular shape. The top matte black panel is equipped with array mounting holes and a central positioning hole, and the side bright yellow protective panel is matched with black driving wheel sets. The body is made of high-strength engineering plastic and metal sheet metal, with wear-resistant and anti-slip matte spraying on the surface and rounded anti-collision design on the edges. It has a tough and concise shape with distinct industrial attributes, and the black grid background of 3D modeling highlights its digital asset attribute."
AGV,/media/simple/another_Documents/isaacsim_assets/device_data/usdz/AGV/model_AGV_2.usdz,"Model: CSA-BF-DS-500C/1000C
Manufacturer:   Yantai Chuixin Automation Technology Co., Ltd
DNA:DB(c)","Functional Features: This object is an industrial-grade back-loading AGV automatic guided vehicle with guardrails. Its core function is to realize automatic unmanned transfer of materials, with capabilities of autonomous navigation, path planning and intelligent obstacle avoidance. The top guardrail can effectively prevent goods from slipping and ensure transfer safety. It can complete point-to-point material distribution, production line station connection and warehouse goods turnover operations, greatly reducing manual handling costs and improving logistics circulation efficiency. It is widely used in scenarios such as intelligent manufacturing factories, auto parts production lines, warehousing and logistics centers, and electronic and electrical workshops, featuring strong load capacity, stable operation and flexible deployment. 
Visual Features: Visually, the main body adopts highly recognizable industrial orange as the main color, matched with a dark gray operation panel, red emergency stop buttons and blue status light strips. The body is made of high-strength metal sheet metal with wear-resistant matte industrial spraying on the surface. It has a square flat back-loading structure with a human-machine interactive touch screen on the front, presenting a tough and regular shape with distinct industrial attributes. The black grid background of 3D modeling highlights its digital asset attribute."
AGV,/media/simple/another_Documents/isaacsim_assets/device_data/usdz/AGV/model_AGV_3.usdz,"Model: AMB-800K 
Manufacturer:   Wanhui Robotics Co., Ltd
DNA:DB(d)","Functional Features: This object is an industrial-grade rotary lifting latent AGV (Automated Guided Vehicle). Its core function is to lift and transfer pallets and material racks through the lifting mechanism, and the top rotary platform can flexibly adjust the orientation of goods. It has the capabilities of autonomous navigation, path planning and intelligent obstacle avoidance, and can complete unmanned operations such as production line station connection, warehouse goods turnover, and material transfer in sorting centers, greatly reducing labor costs and adapting to flexible production line layouts. It is widely used in scenarios including intelligent manufacturing factories, 3C electronic workshops, e-commerce warehousing centers, and auto parts production lines, featuring a low-profile body for latent operation, flexible operation and strong load capacity. 
Visual Features: Visually, the main body adopts highly recognizable bright blue industrial coating, matched with a black circular rotary lifting platform on the top, a red-gray warning and interaction area on the side, and black rounded anti-collision corners at the bottom. The body is made of high-strength metal sheet metal and engineering plastic with matte wear-resistant industrial spraying on the surface, presenting a round and compact shape. The black grid background of 3D modeling highlights its digital asset attribute."
AGV,/media/simple/another_Documents/isaacsim_assets/device_data/usdz/AGV/model_AGV_4.usdz,"Model: JZ-AGV-U 
Manufacturer:   Wellwit Robotics
DNA:DB(e)","Functional Features: This object is an industrial-grade U-shaped open heavy-duty AGV (Automated Guided Vehicle). Its core function is to directly adapt to standard pallets and material racks through the U-shaped open structure to realize automatic unmanned transfer of materials. It has the capabilities of autonomous navigation, path planning and intelligent obstacle avoidance, and can complete operations such as production line station connection, warehouse goods turnover and heavy-duty material distribution, greatly reducing manual handling costs and improving logistics circulation efficiency. It is widely used in heavy-duty industrial scenarios including automobile manufacturing, heavy machinery, home appliance production and auto parts processing, featuring convenient loading and unloading, strong heavy-duty capacity, stable operation and flexible deployment.
Visual Features: Visually, the main body adopts highly recognizable bright red industrial coating, matched with a silver-gray open bearing platform, a double-split square fuselage, blue status light strips on the side, and an exposed design of driving wheels with red rims. The fuselage is made of high-strength metal sheet metal with matte wear-resistant industrial spraying on the surface, presenting a tough and regular shape with distinct industrial attributes. The black grid background of 3D modeling highlights its digital asset attribute."
AGV,/media/simple/another_Documents/isaacsim_assets/device_data/usdz/AGV/AGV.usdz,"Model: MR-FL20000
Manufacturer:   Hangzhou Hikrobot Co., Ltd
DNA:DB(f)","Functional Features: This object is an industrial-grade long-wheelbase heavy-duty flatbed AGV (Automated Guided Vehicle). Its core function is to realize automatic unmanned transfer of ultra-long and ultra-heavy materials, with capabilities of autonomous navigation, path planning and intelligent obstacle avoidance. The large-size long bearing platform can adapt to non-standard large goods such as large components and industrial profiles, completing long-distance material distribution in factories, production line station connection and heavy material turnover operations, greatly reducing the labor and safety risks of heavy-duty handling. It is widely used in heavy-duty scenarios including heavy machinery manufacturing, aerospace, shipbuilding industry and steel structure processing, featuring strong load capacity, stable operation and convenient maintenance. 
Visual Features: Visually, the main body adopts bright orange industrial coating, matched with a gray long bearing platform, a black and yellow warning anti-collision strip at the front, black tires with golden hubs, and maintenance cabinet doors with red latches on the side. The fuselage is made of high-strength metal sheet metal with matte wear-resistant industrial spraying on the surface. It has a low-center-of-gravity, long-strip square shape with tough lines and distinct industrial attributes, and the 3D modeling grid background highlights its digital asset attribute."
