Assets Type,Path,Tag,Description,bbox_min_meters,bbox_max_meters
Pallet,/media/simple/another_Documents/isaacsim_assets/device_data/usdz/Pallet/pallet.usd,DNA:DG(a),"Functional Features: This object is a wooden pallet, used for carrying, stacking and transporting goods. It can be used for containerizing, stacking, handling and transporting goods, facilitating the operation of forklifts, pallet trucks and other equipment. Its application scenarios include cargo stacking in warehousing and logistics, container cargo transfer in ports and terminals, and raw material and finished product turnover in industrial production. It can improve the efficiency of cargo loading, unloading and storage, and is a key tool for realizing unitized management of goods in the logistics supply chain.
Visual Features: The main body is light wood color, made of wood, with a surface treatment that retains the natural texture of wood. It is a rectangular pallet made by splicing multiple wooden boards, with a supporting structure at the bottom. The overall design is concise and practical, and the light wood color appearance against the black background is simple, highlighting its sturdiness and versatility as a carrying tool.",,
Pallet,/media/simple/another_Documents/isaacsim_assets/device_data/usdz/Pallet/Pallet_A1.usd,DNA:DG(d),"Functional Features:This is a standard wooden pallet widely used in warehousing, logistics, loading, and transportation for supporting, stacking, and moving various goods. Its functional features include a sturdy structure, high compatibility, and ease of handling with forklifts and pallet jacks. It is suitable for automated storage systems and containerized shipping. The top surface consists of multiple wooden planks, while the bottom features block supports that provide elevation and ventilation. Markings such as SAFETY and serial numbers indicate compliance with safety and traceability standards, and the pallet is recyclable, supporting sustainable logistics.
Visual Features:Visually, the pallet is made of natural wood in a light brown tone, with an untreated surface that retains its raw grain texture. It follows a typical nine-block design, with evenly spaced top planks and neatly aligned edges. Black printed text and symbols on the sides and blocks enhance traceability and operational clarity. The overall design is simple and functional, emphasizing load-bearing capacity, versatility, and environmental responsibilitymaking it a fundamental tool in modern logistics operations.",,
Pallet,/media/simple/another_Documents/isaacsim_assets/device_data/usdz/Pallet/Pallet_B1.usdz,DNA:DG(e),"Functional Features:This is a standard wooden pallet primarily used for logistics, warehousing, and material handling. Its functional features include a sturdy structure, high compatibility, and ease of use with forklifts and pallet jacks. It is suitable for industrial, manufacturing, retail, and supply chain applications. The pallet consists of multiple horizontal planks forming the load surface, supported by three vertical beams underneath, creating a stable three-way entry design for efficient mechanical handling and stacking. Stamped codes such as DB CT 0790 and 1123 HT KD indicate heat treatment and kiln drying, meeting international shipping standards and making it export-ready.
Visual Features:Visually, the pallet is made of natural wood in a light brown tone, with visible grain and signs of wear that reflect its utilitarian and industrial character. The surface is matte and unfinished, emphasizing practicality and recyclability. The structure is symmetrical and clean-lined, showcasing standardized manufacturing. The design prioritizes durability, versatility, and sustainability, making it a fundamental tool in modern logistics and a popular material for reclaimed wood DIY projects.","(-0.6052159746315482, -0.5012282450222614, 0.0)","(0.6052159746315482, 0.5012282450222614, 0.20864566336619106)"
Pallet,/media/simple/another_Documents/isaacsim_assets/device_data/usdz/Pallet/Pallet_C1.usdz,DNA:DG(f),"Functional Features:This is a standardized wooden pallet widely used in logistics, warehousing, material handling, and supply chain distribution. Its functional features include a sturdy structure, high compatibility, and ease of handling with forklifts and pallet jacks, making it ideal for stacking and transporting various goods. The pallet consists of multiple top deck boards and three bottom support beams, forming a stable three-way entry design for efficient mechanical handling. Markings such as 080 ETP-000 and a recycling symbol indicate that it is part of a reusable pallet system, supporting sustainability and compliance with modern logistics and export standards.
Visual Features:Visually, the pallet is made of natural light-colored wood with a matte finish, preserving the original grain and texture for a clean, utilitarian industrial look. The planks are evenly spaced with clean edges and a symmetrical structure, reflecting standardized manufacturing. Black printed codes enhance traceability and operational clarity. The overall design emphasizes durability, versatility, and environmental responsibility, making it a fundamental component in contemporary logistics operations.","(-0.8635465810400262, -0.9627000212065866, 1.490116086078075e-10)","(0.8635465047460826, 0.9627000212065866, 0.20864566336619106)"
Pallet,/media/simple/another_Documents/isaacsim_assets/device_data/usdz/Pallet/AluminumPallet_A01_PR_NVD_01.usdz,DNA:DG(h),"Functional Features:This object is an industrial pallet designed for use in warehousing, logistics, manufacturing, and transportation. Its functional features include a top surface composed of multiple horizontal slats and three longitudinal support beams underneath, forming a standard four-way forklift entry structure. This allows for efficient handling from any direction using forklifts or pallet jacks. The design supports stacking, loading, and circulation of goods, making it ideal for high-frequency operations in automated warehouses, assembly lines, and distribution centers.
Visual Features:Visually, the pallet has a gray tone and appears to be made of aluminum alloy or specially treated wood, with a metallic texture that conveys strength and durability. The structure is clean and symmetrical, emphasizing industrial functionality. The surface may be treated with sandblasting or anodizing to enhance corrosion resistance and wear durability, making it suitable for long-term use in demanding or humid environments. Overall, the pallet presents a modern and professional appearance, aligning with the standardization and durability requirements of smart manufacturing and logistics systems.","(-0.6111826705932617, -0.5081954574584961, 4.76837158203125e-09)","(0.6111826705932617, 0.5081954574584961, 0.13612009048461915)"
Pallet,/media/simple/another_Documents/isaacsim_assets/device_data/usdz/Pallet/BlockPallet_B01_PR_NVD_01.usdz,"DNA:DG(l)
","Functional Features:This object is a standard industrial wooden pallet widely used in warehousing, logistics, transportation, and supply chain operations. Its functional features include a top surface made of parallel wooden planks that provide a stable platform for goods. The base structure allows for four-way forklift access, enabling efficient handling, stacking, and transport. Markings on the side, including a recycling symbol and alphanumeric codes, suggest traceability for manufacturing batches or reuse tracking. This pallet is essential for containerization, loading, storage, and distribution in modern logistics systems.
Visual Features:Visually, the pallet has a light natural wood tone with visible grain and nail marks, reflecting a raw, utilitarian industrial style. The wood is lightly sanded to ensure a relatively smooth surface and reduce splinters. Black printed symbols and codes on the side enhance traceability and standardization. The overall structure is simple and well-proportioned, emphasizing practicality and versatility. It is designed for long-term use in high-frequency, heavy-duty logistics environments.","(-0.6021009063720704, -0.40019290924072265, 0.0)","(0.6021009063720704, 0.40019290924072265, 0.20864566802978515)"
Pallet,/media/simple/another_Documents/isaacsim_assets/device_data/usdz/Pallet/,DNA:DG(m),"Functional Features:This object is an industrial-grade standard injection-molded plastic pallet. Its core function is to serve as the basic carrier for unitized logistics, realizing standardized containerization, storage and transfer of goods. The hollow grid structure adapts to the fork operation of forklifts and manual pallet trucks, with excellent ventilation, moisture-proof, acid and alkali corrosion resistance. It supports multi-layer stacking, greatly improving storage space utilization, reducing loading and unloading costs, and adapting to automated logistics systems. It is widely used in food and pharmaceutical workshops, cold chain warehousing, e-commerce logistics centers, chemical warehouses, and factory finished product warehouses, featuring light weight, strong load capacity, easy cleaning and recyclability.
Visual Features:Visually, it has a regular square structure with full bright blue color, a parallel grid hollow bearing surface, standard forklift slots at the bottom, and reinforced chamfered edges. Made of high-strength HDPE engineering plastic with matte wear-resistant and anti-slip surface treatment, it has a neat integrated structure with sharp lines and distinct industrial attributes. The black grid background of 3D modeling highlights its digital asset attribute.",,
Pallet,/media/simple/another_Documents/isaacsim_assets/device_data/usdz/Pallet/,DNA:DG(n),"Functional Features:This object is an industrial-grade standard four-way entry fumigation-treated solid wooden pallet. Its core function is to serve as the basic carrier for unitized logistics, realizing standardized containerization, storage and transfer of goods. The four-sided open fork slots fully adapt to the operation of forklifts and manual pallet trucks. The grid structure has excellent ventilation and moisture-proof performance, supports multi-layer stacking, greatly improves storage space utilization, reduces loading and unloading transfer costs, and meets the quarantine standards for international cross-border transportation after fumigation treatment. It is widely used in scenarios including factory raw material and finished product warehouses, ports and wharves, freight yards, cross-border e-commerce warehousing, and building materials and FMCG logistics, featuring high static load capacity, recyclability, low cost and wide adaptability.
Visual Features:Visually, it is a solid wood splicing structure with light log color, with clear natural wood grain and knot texture. The regular square shape is matched with a parallel grid bearing surface, with standard forklift operation slots reserved on four sides. Made of pine or poplar solid wood, its surface is polished and treated with anti-corrosion fumigation, with a regular and tough structure and distinct practical attributes. The black grid background of 3D modeling highlights its digital asset attribute.",,
